Date,Average pressure [Pa]
2013-01-01_00,101885.984
2013-01-01_06,101560.45
2013-01-01_12,101740.82
2013-01-01_18,101985.25
2013-01-02_00,102077.25
2013-01-02_06,102054.1
2013-01-02_12,102111.305
2013-01-02_18,102090.555
2013-01-03_00,102086.52
2013-01-03_06,101770.09
2013-01-03_12,101309.23
2013-01-03_18,100500.46
2013-01-04_00,100197.484
2013-01-04_06,99930.88
2013-01-04_12,100176.78
2013-01-04_18,100158.984
2013-01-05_00,100322.875
2013-01-05_06,100584.33
2013-01-05_12,100895.164
2013-01-05_18,101187.35
2013-01-06_00,101601.61
2013-01-06_06,101827.1
2013-01-06_12,102046.51
2013-01-06_18,101896.555
2013-01-07_00,101669.58
2013-01-07_06,100924.98
2013-01-07_12,100343.06
2013-01-07_18,100884.42
2013-01-08_00,101222.9
2013-01-08_06,101287.234
2013-01-08_12,101275.34
2013-01-08_18,101197.484
2013-01-09_00,101141.75
2013-01-09_06,100720.83
2013-01-09_12,100355.93
2013-01-09_18,100831.86
2013-01-10_00,101024.78
2013-01-10_06,100433.914
2013-01-10_12,99322.02
2013-01-10_18,99914.33
2013-01-11_00,100117.945
2013-01-11_06,100067.555
2013-01-11_12,100276.734
2013-01-11_18,100483.52
2013-01-12_00,100824.68
2013-01-12_06,101041.26
2013-01-12_12,101053.95
2013-01-12_18,101320.46
2013-01-13_00,101490.58
2013-01-13_06,101465.67
2013-01-13_12,101224.07
2013-01-13_18,101088.72
2013-01-14_00,100881.91
2013-01-14_06,101100.0
2013-01-14_12,101702.69
2013-01-14_18,101480.766
2013-01-15_00,101030.3
2013-01-15_06,99570.66
2013-01-15_12,98870.53
2013-01-15_18,99232.18
2013-01-16_00,99904.055
2013-01-16_06,100332.18
2013-01-16_12,100702.71
2013-01-16_18,100918.484
2013-01-17_00,101178.195
2013-01-17_06,101177.05
2013-01-17_12,101174.875
2013-01-17_18,101292.555
2013-01-18_00,101494.555
2013-01-18_06,101213.16
2013-01-18_12,100934.836
2013-01-18_18,100217.75
2013-01-19_00,100132.81
2013-01-19_06,100470.44
2013-01-19_12,100795.44
2013-01-19_18,101001.95
2013-01-20_00,101375.37
2013-01-20_06,101276.49
2013-01-20_12,101289.6
2013-01-20_18,101085.57
2013-01-21_00,100549.93
2013-01-21_06,99224.54
2013-01-21_12,98210.375
2013-01-21_18,99447.83
2013-01-22_00,99986.5
2013-01-22_06,100256.08
2013-01-22_12,100851.0
2013-01-22_18,101132.1
2013-01-23_00,101400.17
2013-01-23_06,101285.45
2013-01-23_12,100779.59
2013-01-23_18,99988.82
2013-01-24_00,100296.07
2013-01-24_06,100686.57
2013-01-24_12,101164.43
2013-01-24_18,101281.81
2013-01-25_00,101352.86
2013-01-25_06,101177.37
2013-01-25_12,101030.08
2013-01-25_18,101053.81
2013-01-26_00,101212.59
2013-01-26_06,101078.49
2013-01-26_12,100951.516
2013-01-26_18,100497.09
2013-01-27_00,100391.92
2013-01-27_06,100296.12
2013-01-27_12,99975.61
2013-01-27_18,99765.53
2013-01-28_00,99979.15
2013-01-28_06,100133.96
2013-01-28_12,100366.58
2013-01-28_18,100353.78
2013-01-29_00,100207.49
2013-01-29_06,98936.65
2013-01-29_12,99518.875
2013-01-29_18,100232.91
2013-01-30_00,100488.55
2013-01-30_06,100611.766
2013-01-30_12,100924.29
2013-01-30_18,101042.75
2013-01-31_00,100955.81
2013-01-31_06,100647.07
2013-01-31_12,100765.016
2013-01-31_18,100728.78
2013-02-01_00,100959.62
2013-02-01_06,101050.34
2013-02-01_12,101297.22
2013-02-01_18,101320.44
2013-02-02_00,101635.52
2013-02-02_06,101808.86
2013-02-02_12,102142.82
2013-02-02_18,102283.27
2013-02-03_00,102459.35
2013-02-03_06,102329.15
2013-02-03_12,102038.11
2013-02-03_18,101559.52
2013-02-04_00,101861.87
2013-02-04_06,102049.31
2013-02-04_12,102170.24
2013-02-04_18,101947.68
2013-02-05_00,101373.07
2013-02-05_06,100575.54
2013-02-05_12,100129.445
2013-02-05_18,100339.41
2013-02-06_00,100850.05
2013-02-06_06,101079.32
2013-02-06_12,101210.94
2013-02-06_18,101240.53
2013-02-07_00,101180.08
2013-02-07_06,100574.85
2013-02-07_12,100451.02
2013-02-07_18,101476.37
2013-02-08_00,102167.12
2013-02-08_06,102327.88
2013-02-08_12,102228.03
2013-02-08_18,101817.97
2013-02-09_00,101570.24
2013-02-09_06,101078.86
2013-02-09_12,101225.05
2013-02-09_18,101203.03
2013-02-10_00,101316.336
2013-02-10_06,101354.64
2013-02-10_12,101422.07
2013-02-10_18,101560.13
2013-02-11_00,101625.69
2013-02-11_06,101363.65
2013-02-11_12,100816.945
2013-02-11_18,100530.91
2013-02-12_00,100622.195
2013-02-12_06,100866.6
2013-02-12_12,101105.25
2013-02-12_18,101350.875
2013-02-13_00,102150.78
2013-02-13_06,102428.34
2013-02-13_12,102529.664
2013-02-13_18,102233.13
2013-02-14_00,101458.55
2013-02-14_06,99903.22
2013-02-14_12,99728.445
2013-02-14_18,100076.47
2013-02-15_00,100577.25
2013-02-15_06,100781.71
2013-02-15_12,101189.41
2013-02-15_18,101465.016
2013-02-16_00,101627.54
2013-02-16_06,101180.62
2013-02-16_12,100601.88
2013-02-16_18,100220.164
2013-02-17_00,100468.41
2013-02-17_06,100189.13
2013-02-17_12,100090.945
2013-02-17_18,100431.91
2013-02-18_00,100776.63
2013-02-18_06,101044.09
2013-02-18_12,101523.95
2013-02-18_18,101849.95
2013-02-19_00,101876.61
2013-02-19_06,101540.625
2013-02-19_12,101426.54
2013-02-19_18,101196.75
2013-02-20_00,101008.18
2013-02-20_06,100568.77
2013-02-20_12,100379.76
2013-02-20_18,100854.445
2013-02-21_00,101122.63
2013-02-21_06,101257.766
2013-02-21_12,101007.516
2013-02-21_18,100615.72
2013-02-22_00,101308.59
2013-02-22_06,101635.55
2013-02-22_12,101933.11
2013-02-22_18,101965.84
2013-02-23_00,102121.92
2013-02-23_06,101886.18
2013-02-23_12,101339.19
2013-02-23_18,100956.3
2013-02-24_00,101032.74
2013-02-24_06,101286.5
2013-02-24_12,101609.55
2013-02-24_18,101199.195
2013-02-25_00,100642.234
2013-02-25_06,100595.51
2013-02-25_12,100835.766
2013-02-25_18,101043.38
2013-02-26_00,101337.766
2013-02-26_06,101378.86
2013-02-26_12,101601.17
2013-02-26_18,101879.0
2013-02-27_00,102302.83
2013-02-27_06,102500.69
2013-02-27_12,102918.41
2013-02-27_18,103006.64
2013-02-28_00,103154.95
2013-02-28_06,102855.766
2013-02-28_12,102493.016
2013-02-28_18,101869.68
2013-03-01_00,101386.03
2013-03-01_06,101825.09
2013-03-01_12,102291.36
2013-03-01_18,102454.03
2013-03-02_00,102684.18
2013-03-02_06,102602.195
2013-03-02_12,102525.63
2013-03-02_18,102024.93
2013-03-03_00,101535.03
2013-03-03_06,101015.67
2013-03-03_12,100963.87
2013-03-03_18,101238.87
2013-03-04_00,101468.555
2013-03-04_06,101678.22
2013-03-04_12,101895.22
2013-03-04_18,101759.35
2013-03-05_00,101588.04
2013-03-05_06,100666.43
2013-03-05_12,99648.98
2013-03-05_18,99573.805
2013-03-06_00,100635.23
2013-03-06_06,101138.19
2013-03-06_12,101661.84
2013-03-06_18,101884.695
2013-03-07_00,102011.48
2013-03-07_06,101574.91
2013-03-07_12,101405.15
2013-03-07_18,101726.05
2013-03-08_00,102265.26
2013-03-08_06,102401.17
2013-03-08_12,102579.445
2013-03-08_18,102419.625
2013-03-09_00,102325.37
2013-03-09_06,101833.86
2013-03-09_12,101362.016
2013-03-09_18,100776.1
2013-03-10_00,100977.44
2013-03-10_06,101296.78
2013-03-10_12,101733.57
2013-03-10_18,101842.75
2013-03-11_00,101958.375
2013-03-11_06,101803.49
2013-03-11_12,101722.9
2013-03-11_18,101577.76
2013-03-12_00,101783.445
2013-03-12_06,102089.67
2013-03-12_12,102590.8
2013-03-12_18,102709.47
2013-03-13_00,103067.41
2013-03-13_06,103042.09
2013-03-13_12,103197.9
2013-03-13_18,103202.1
2013-03-14_00,103222.68
2013-03-14_06,103063.16
2013-03-14_12,103008.89
2013-03-14_18,102889.75
2013-03-15_00,102854.516
2013-03-15_06,102508.27
2013-03-15_12,102273.195
2013-03-15_18,101792.84
2013-03-16_00,101583.836
2013-03-16_06,101382.33
2013-03-16_12,101445.75
2013-03-16_18,101189.43
2013-03-17_00,101174.125
2013-03-17_06,100995.555
2013-03-17_12,100871.75
2013-03-17_18,101409.08
2013-03-18_00,101773.39
2013-03-18_06,101893.234
2013-03-18_12,102099.61
2013-03-18_18,102184.89
2013-03-19_00,102327.69
2013-03-19_06,102219.97
2013-03-19_12,102175.15
2013-03-19_18,102062.375
2013-03-20_00,102189.58
2013-03-20_06,102134.94
2013-03-20_12,102125.39
2013-03-20_18,102036.766
2013-03-21_00,102047.61
2013-03-21_06,101884.33
2013-03-21_12,101790.43
2013-03-21_18,101434.86
2013-03-22_00,101467.73
2013-03-22_06,101544.07
2013-03-22_12,101983.3
2013-03-22_18,102009.23
2013-03-23_00,101960.84
2013-03-23_06,101605.4
2013-03-23_12,101539.06
2013-03-23_18,101421.414
2013-03-24_00,101520.61
2013-03-24_06,101530.34
2013-03-24_12,101817.84
2013-03-24_18,101974.44
2013-03-25_00,102277.3
2013-03-25_06,102298.14
2013-03-25_12,102336.2
2013-03-25_18,101967.38
2013-03-26_00,101818.016
2013-03-26_06,101620.51
2013-03-26_12,101540.65
2013-03-26_18,101415.33
2013-03-27_00,101884.89
2013-03-27_06,102173.05
2013-03-27_12,102413.16
2013-03-27_18,102555.03
2013-03-28_00,102892.58
2013-03-28_06,102971.61
2013-03-28_12,103148.9
2013-03-28_18,103160.16
2013-03-29_00,103331.4
2013-03-29_06,103149.46
2013-03-29_12,103024.266
2013-03-29_18,102653.055
2013-03-30_00,102253.81
2013-03-30_06,101882.125
2013-03-30_12,101837.65
2013-03-30_18,101880.88
2013-03-31_00,102216.38
2013-03-31_06,102316.97
2013-03-31_12,102539.52
2013-03-31_18,102383.55
2013-04-01_00,102118.016
2013-04-01_06,101464.5
2013-04-01_12,101121.555
2013-04-01_18,101399.37
2013-04-02_00,102056.055
2013-04-02_06,102293.92
2013-04-02_12,102492.26
2013-04-02_18,102515.48
2013-04-03_00,102599.44
2013-04-03_06,102449.54
2013-04-03_12,102381.49
2013-04-03_18,102028.81
2013-04-04_00,101386.42
2013-04-04_06,100233.23
2013-04-04_12,99674.17
2013-04-04_18,99188.305
2013-04-05_00,99131.27
2013-04-05_06,99132.3
2013-04-05_12,99735.18
2013-04-05_18,100124.586
2013-04-06_00,100462.52
2013-04-06_06,100668.9
2013-04-06_12,101065.41
2013-04-06_18,101288.55
2013-04-07_00,101715.6
2013-04-07_06,101847.66
2013-04-07_12,102089.38
2013-04-07_18,101950.02
2013-04-08_00,101938.67
2013-04-08_06,101698.09
2013-04-08_12,101478.22
2013-04-08_18,100903.03
2013-04-09_00,100403.1
2013-04-09_06,100406.71
2013-04-09_12,100513.43
2013-04-09_18,100516.65
2013-04-10_00,100718.09
2013-04-10_06,100826.39
2013-04-10_12,101445.41
2013-04-10_18,101760.086
2013-04-11_00,102194.9
2013-04-11_06,102287.89
2013-04-11_12,102446.805
2013-04-11_18,102367.58
2013-04-12_00,102495.63
2013-04-12_06,102364.06
2013-04-12_12,102298.83
2013-04-12_18,102063.74
2013-04-13_00,101931.96
2013-04-13_06,101634.67
2013-04-13_12,101374.46
2013-04-13_18,100814.13
2013-04-14_00,100793.234
2013-04-14_06,100960.67
2013-04-14_12,101640.89
2013-04-14_18,101913.766
2013-04-15_00,102061.26
2013-04-15_06,101973.63
2013-04-15_12,101893.51
2013-04-15_18,101723.266
2013-04-16_00,101849.37
2013-04-16_06,101740.5
2013-04-16_12,101815.77
2013-04-16_18,101754.86
2013-04-17_00,101791.38
2013-04-17_06,101616.19
2013-04-17_12,101575.484
2013-04-17_18,101802.47
2013-04-18_00,102130.47
2013-04-18_06,102226.15
2013-04-18_12,102429.445
2013-04-18_18,102527.78
2013-04-19_00,102732.375
2013-04-19_06,102719.12
2013-04-19_12,102841.625
2013-04-19_18,102775.195
2013-04-20_00,102686.28
2013-04-20_06,102415.33
2013-04-20_12,102396.09
2013-04-20_18,102397.484
2013-04-21_00,102517.26
2013-04-21_06,102460.67
2013-04-21_12,102577.78
2013-04-21_18,102561.84
2013-04-22_00,102591.6
2013-04-22_06,102465.21
2013-04-22_12,102429.1
2013-04-22_18,102301.98
2013-04-23_00,102196.46
2013-04-23_06,101863.55
2013-04-23_12,101616.164
2013-04-23_18,101308.16
2013-04-24_00,101828.3
2013-04-24_06,102014.234
2013-04-24_12,102115.086
2013-04-24_18,102150.56
2013-04-25_00,102245.8
2013-04-25_06,102061.79
2013-04-25_12,102078.37
2013-04-25_18,101955.17
2013-04-26_00,101958.914
2013-04-26_06,101873.66
2013-04-26_12,101891.43
2013-04-26_18,101939.84
2013-04-27_00,101972.95
2013-04-27_06,101718.41
2013-04-27_12,101573.24
2013-04-27_18,101439.77
2013-04-28_00,101451.54
2013-04-28_06,101456.91
2013-04-28_12,101643.945
2013-04-28_18,101707.27
2013-04-29_00,101728.47
2013-04-29_06,101566.26
2013-04-29_12,101357.91
2013-04-29_18,101202.27
2013-04-30_00,101161.45
2013-04-30_06,101057.1
2013-04-30_12,101145.555
2013-04-30_18,101108.94
2013-05-01_00,101346.945
2013-05-01_06,101301.15
2013-05-01_12,101450.98
2013-05-01_18,101502.56
2013-05-02_00,101681.91
2013-05-02_06,101685.914
2013-05-02_12,101482.81
2013-05-02_18,101182.516
2013-05-03_00,101478.64
2013-05-03_06,101697.61
2013-05-03_12,101869.164
2013-05-03_18,101786.81
2013-05-04_00,101805.62
2013-05-04_06,101773.7
2013-05-04_12,101886.305
2013-05-04_18,101889.82
2013-05-05_00,101916.92
2013-05-05_06,101880.984
2013-05-05_12,101898.734
2013-05-05_18,101759.64
2013-05-06_00,101909.52
2013-05-06_06,101939.33
2013-05-06_12,102017.36
2013-05-06_18,102046.39
2013-05-07_00,102219.266
2013-05-07_06,102147.24
2013-05-07_12,102285.64
2013-05-07_18,102289.5
2013-05-08_00,102278.734
2013-05-08_06,102072.484
2013-05-08_12,101819.92
2013-05-08_18,101311.06
2013-05-09_00,101087.33
2013-05-09_06,100854.86
2013-05-09_12,100789.13
2013-05-09_18,100550.09
2013-05-10_00,100504.17
2013-05-10_06,100498.51
2013-05-10_12,100570.68
2013-05-10_18,100481.55
2013-05-11_00,100764.06
2013-05-11_06,100918.66
2013-05-11_12,101230.15
2013-05-11_18,101380.15
2013-05-12_00,101651.22
2013-05-12_06,101727.414
2013-05-12_12,101994.6
2013-05-12_18,101917.625
2013-05-13_00,102010.2
2013-05-13_06,101895.61
2013-05-13_12,101787.234
2013-05-13_18,101579.08
2013-05-14_00,101471.945
2013-05-14_06,101440.5
2013-05-14_12,101634.42
2013-05-14_18,101740.48
2013-05-15_00,101976.83
2013-05-15_06,101987.59
2013-05-15_12,102150.91
2013-05-15_18,102154.95
2013-05-16_00,102441.14
2013-05-16_06,102485.766
2013-05-16_12,102639.72
2013-05-16_18,102665.11
2013-05-17_00,102633.64
2013-05-17_06,102248.9
2013-05-17_12,101984.4
2013-05-17_18,101170.484
2013-05-18_00,100721.83
2013-05-18_06,100472.05
2013-05-18_12,100713.21
2013-05-18_18,100746.19
2013-05-19_00,100850.15
2013-05-19_06,100881.4
2013-05-19_12,101191.28
2013-05-19_18,101310.96
2013-05-20_00,101599.91
2013-05-20_06,101787.914
2013-05-20_12,101993.06
2013-05-20_18,102035.23
2013-05-21_00,102078.71
2013-05-21_06,102010.18
2013-05-21_12,101932.375
2013-05-21_18,101754.59
2013-05-22_00,101491.45
2013-05-22_06,100955.71
2013-05-22_12,100480.42
2013-05-22_18,100338.016
2013-05-23_00,100381.55
2013-05-23_06,100384.23
2013-05-23_12,100694.53
2013-05-23_18,100792.9
2013-05-24_00,100906.664
2013-05-24_06,100857.16
2013-05-24_12,100966.53
2013-05-24_18,100914.33
2013-05-25_00,101062.59
2013-05-25_06,100899.586
2013-05-25_12,100794.016
2013-05-25_18,100979.125
2013-05-26_00,101216.19
2013-05-26_06,101533.766
2013-05-26_12,102112.45
2013-05-26_18,102361.625
2013-05-27_00,102676.71
2013-05-27_06,102757.72
2013-05-27_12,102931.3
2013-05-27_18,103034.836
2013-05-28_00,103160.375
2013-05-28_06,103071.73
2013-05-28_12,103194.31
2013-05-28_18,103058.27
2013-05-29_00,103098.51
2013-05-29_06,102939.67
2013-05-29_12,102974.54
2013-05-29_18,102864.33
2013-05-30_00,102843.51
2013-05-30_06,102731.984
2013-05-30_12,102721.61
2013-05-30_18,102581.2
2013-05-31_00,102481.27
2013-05-31_06,102282.516
2013-05-31_12,102059.836
2013-05-31_18,101780.516
2013-06-01_00,101659.375
2013-06-01_06,101432.79
2013-06-01_12,101384.01
2013-06-01_18,101451.586
2013-06-02_00,101478.08
2013-06-02_06,101539.8
2013-06-02_12,101703.15
2013-06-02_18,101718.45
2013-06-03_00,101737.695
2013-06-03_06,101432.47
2013-06-03_12,100898.9
2013-06-03_18,100594.36
2013-06-04_00,100988.84
2013-06-04_06,101205.32
2013-06-04_12,101341.58
2013-06-04_18,101347.414
2013-06-05_00,101483.01
2013-06-05_06,101479.32
2013-06-05_12,101702.47
2013-06-05_18,101842.7
2013-06-06_00,102130.766
2013-06-06_06,102249.586
2013-06-06_12,102474.516
2013-06-06_18,102616.73
2013-06-07_00,102692.8
2013-06-07_06,102677.47
2013-06-07_12,102726.86
2013-06-07_18,102698.56
2013-06-08_00,102701.3
2013-06-08_06,102569.625
2013-06-08_12,102618.234
2013-06-08_18,102600.66
2013-06-09_00,102681.16
2013-06-09_06,102671.83
2013-06-09_12,102725.63
2013-06-09_18,102669.38
2013-06-10_00,102705.91
2013-06-10_06,102685.72
2013-06-10_12,102667.38
2013-06-10_18,102669.05
2013-06-11_00,102707.86
2013-06-11_06,102555.27
2013-06-11_12,102511.234
2013-06-11_18,102376.3
2013-06-12_00,102378.39
2013-06-12_06,102238.45
2013-06-12_12,102118.45
2013-06-12_18,101985.62
2013-06-13_00,101875.71
2013-06-13_06,101696.805
2013-06-13_12,101602.86
2013-06-13_18,101423.875
2013-06-14_00,101442.484
2013-06-14_06,101422.17
2013-06-14_12,101656.34
2013-06-14_18,101671.83
2013-06-15_00,101806.59
2013-06-15_06,101788.766
2013-06-15_12,101845.66
2013-06-15_18,101734.11
2013-06-16_00,101727.86
2013-06-16_06,101600.266
2013-06-16_12,101582.57
2013-06-16_18,101449.805
2013-06-17_00,101562.67
2013-06-17_06,101516.87
2013-06-17_12,101605.23
2013-06-17_18,101693.31
2013-06-18_00,101952.02
2013-06-18_06,101979.0
2013-06-18_12,102123.05
2013-06-18_18,102130.17
2013-06-19_00,102166.7
2013-06-19_06,102034.33
2013-06-19_12,101927.414
2013-06-19_18,101767.06
2013-06-20_00,101735.01
2013-06-20_06,101508.13
2013-06-20_12,101348.02
2013-06-20_18,101071.7
2013-06-21_00,101100.56
2013-06-21_06,101061.375
2013-06-21_12,101023.78
2013-06-21_18,100830.86
2013-06-22_00,101122.09
2013-06-22_06,101288.8
2013-06-22_12,101492.555
2013-06-22_18,101455.86
2013-06-23_00,101635.18
2013-06-23_06,101665.97
2013-06-23_12,101818.31
2013-06-23_18,101797.92
2013-06-24_00,101859.305
2013-06-24_06,101822.17
2013-06-24_12,101714.84
2013-06-24_18,101559.42
2013-06-25_00,101595.336
2013-06-25_06,101552.17
2013-06-25_12,101535.57
2013-06-25_18,101324.29
2013-06-26_00,101260.74
2013-06-26_06,101170.07
2013-06-26_12,101139.28
2013-06-26_18,100979.71
2013-06-27_00,101048.414
2013-06-27_06,101035.35
2013-06-27_12,101084.695
2013-06-27_18,100912.41
2013-06-28_00,100875.414
2013-06-28_06,100761.96
2013-06-28_12,100928.0
2013-06-28_18,101165.43
2013-06-29_00,101236.79
2013-06-29_06,101223.484
2013-06-29_12,101318.09
2013-06-29_18,101291.11
2013-06-30_00,101364.99
2013-06-30_06,101420.07
2013-06-30_12,101753.055
2013-06-30_18,101864.99
2013-07-01_00,101995.51
2013-07-01_06,101956.766
2013-07-01_12,101887.766
2013-07-01_18,101748.78
2013-07-02_00,101865.305
2013-07-02_06,101865.945
2013-07-02_12,102044.19
2013-07-02_18,102061.4
2013-07-03_00,102204.055
2013-07-03_06,102166.086
2013-07-03_12,102142.75
2013-07-03_18,102113.84
2013-07-04_00,102251.22
2013-07-04_06,102124.7
2013-07-04_12,102016.75
2013-07-04_18,101815.45
2013-07-05_00,101766.336
2013-07-05_06,101669.625
2013-07-05_12,101868.625
2013-07-05_18,101841.016
2013-07-06_00,101978.88
2013-07-06_06,101863.55
2013-07-06_12,101962.74
2013-07-06_18,101882.08
2013-07-07_00,101937.65
2013-07-07_06,101731.62
2013-07-07_12,101796.555
2013-07-07_18,101622.98
2013-07-08_00,101576.08
2013-07-08_06,101340.99
2013-07-08_12,101199.24
2013-07-08_18,100981.96
2013-07-09_00,101031.79
2013-07-09_06,100943.75
2013-07-09_12,101147.61
2013-07-09_18,101231.42
2013-07-10_00,101543.31
2013-07-10_06,101713.04
2013-07-10_12,102040.555
2013-07-10_18,102141.6
2013-07-11_00,102315.21
2013-07-11_06,102444.66
2013-07-11_12,102493.58
2013-07-11_18,102526.63
2013-07-12_00,102575.91
2013-07-12_06,102512.59
2013-07-12_12,102562.67
2013-07-12_18,102528.22
2013-07-13_00,102574.91
2013-07-13_06,102494.97
2013-07-13_12,102582.25
2013-07-13_18,102512.65
2013-07-14_00,102512.43
2013-07-14_06,102456.375
2013-07-14_12,102513.45
2013-07-14_18,102509.984
2013-07-15_00,102488.41
2013-07-15_06,102428.32
2013-07-15_12,102479.34
2013-07-15_18,102420.53
2013-07-16_00,102455.17
2013-07-16_06,102384.47
2013-07-16_12,102433.27
2013-07-16_18,102317.97
2013-07-17_00,102368.58
2013-07-17_06,102297.805
2013-07-17_12,102305.56
2013-07-17_18,102196.63
2013-07-18_00,102114.75
2013-07-18_06,101950.875
2013-07-18_12,101962.33
2013-07-18_18,101917.875
2013-07-19_00,101937.57
2013-07-19_06,101782.766
2013-07-19_12,101721.19
2013-07-19_18,101594.016
2013-07-20_00,101637.26
2013-07-20_06,101463.766
2013-07-20_12,101495.92
2013-07-20_18,101469.75
2013-07-21_00,101549.7
2013-07-21_06,101525.54
2013-07-21_12,101559.2
2013-07-21_18,101526.17
2013-07-22_00,101576.32
2013-07-22_06,101498.34
2013-07-22_12,101473.586
2013-07-22_18,101257.4
2013-07-23_00,101153.95
2013-07-23_06,101082.16
2013-07-23_12,101261.59
2013-07-23_18,101171.36
2013-07-24_00,101240.82
2013-07-24_06,101321.164
2013-07-24_12,101465.84
2013-07-24_18,101476.93
2013-07-25_00,101615.016
2013-07-25_06,101635.59
2013-07-25_12,101692.21
2013-07-25_18,101706.62
2013-07-26_00,101704.71
2013-07-26_06,101586.086
2013-07-26_12,101644.97
2013-07-26_18,101614.11
2013-07-27_00,101603.34
2013-07-27_06,101541.92
2013-07-27_12,101606.734
2013-07-27_18,101592.99
2013-07-28_00,101682.27
2013-07-28_06,101636.625
2013-07-28_12,101644.19
2013-07-28_18,101559.836
2013-07-29_00,101572.7
2013-07-29_06,101421.875
2013-07-29_12,101401.195
2013-07-29_18,101211.79
2013-07-30_00,101142.945
2013-07-30_06,101034.64
2013-07-30_12,100788.48
2013-07-30_18,100691.11
2013-07-31_00,101047.22
2013-07-31_06,101225.24
2013-07-31_12,101481.81
2013-07-31_18,101588.5
2013-08-01_00,101769.555
2013-08-01_06,101785.81
2013-08-01_12,101923.46
2013-08-01_18,101845.24
2013-08-02_00,101910.28
2013-08-02_06,101856.984
2013-08-02_12,101902.586
2013-08-02_18,101801.734
2013-08-03_00,101860.72
2013-08-03_06,101786.06
2013-08-03_12,101847.98
2013-08-03_18,101789.26
2013-08-04_00,101871.29
2013-08-04_06,101862.625
2013-08-04_12,101936.16
2013-08-04_18,101899.02
2013-08-05_00,101997.414
2013-08-05_06,101927.39
2013-08-05_12,101999.93
2013-08-05_18,102006.23
2013-08-06_00,102047.336
2013-08-06_06,101946.63
2013-08-06_12,102089.41
2013-08-06_18,102003.42
2013-08-07_00,102012.41
2013-08-07_06,101890.43
2013-08-07_12,101980.91
2013-08-07_18,101942.8
2013-08-08_00,101961.16
2013-08-08_06,101890.97
2013-08-08_12,101948.17
2013-08-08_18,101828.375
2013-08-09_00,101869.92
2013-08-09_06,101828.61
2013-08-09_12,101854.78
2013-08-09_18,101777.78
2013-08-10_00,101855.3
2013-08-10_06,101739.8
2013-08-10_12,101768.58
2013-08-10_18,101594.58
2013-08-11_00,101493.12
2013-08-11_06,101312.99
2013-08-11_12,101372.875
2013-08-11_18,101217.43
2013-08-12_00,101284.4
2013-08-12_06,101214.625
2013-08-12_12,101289.67
2013-08-12_18,101305.81
2013-08-13_00,101491.26
2013-08-13_06,101419.12
2013-08-13_12,101510.94
2013-08-13_18,101372.12
2013-08-14_00,101399.31
2013-08-14_06,101300.69
2013-08-14_12,101303.34
2013-08-14_18,101179.81
2013-08-15_00,101303.195
2013-08-15_06,101256.94
2013-08-15_12,101249.414
2013-08-15_18,101158.33
2013-08-16_00,101208.33
2013-08-16_06,101168.9
2013-08-16_12,101220.97
2013-08-16_18,101180.81
2013-08-17_00,101293.38
2013-08-17_06,101303.516
2013-08-17_12,101489.82
2013-08-17_18,101480.86
2013-08-18_00,101630.03
2013-08-18_06,101617.84
2013-08-18_12,101754.69
2013-08-18_18,101795.83
2013-08-19_00,102002.39
2013-08-19_06,101982.375
2013-08-19_12,102011.16
2013-08-19_18,101986.59
2013-08-20_00,102085.79
2013-08-20_06,101982.81
2013-08-20_12,102097.805
2013-08-20_18,102056.25
2013-08-21_00,102090.26
2013-08-21_06,102003.47
2013-08-21_12,101996.12
2013-08-21_18,101882.375
2013-08-22_00,101850.63
2013-08-22_06,101736.26
2013-08-22_12,101766.48
2013-08-22_18,101602.86
2013-08-23_00,101627.98
2013-08-23_06,101538.16
2013-08-23_12,101604.2
2013-08-23_18,101518.36
2013-08-24_00,101494.85
2013-08-24_06,101307.81
2013-08-24_12,101384.89
2013-08-24_18,101187.33
2013-08-25_00,101196.85
2013-08-25_06,101004.664
2013-08-25_12,101058.18
2013-08-25_18,101033.4
2013-08-26_00,101042.75
2013-08-26_06,101053.56
2013-08-26_12,101117.38
2013-08-26_18,101026.17
2013-08-27_00,101094.68
2013-08-27_06,101102.805
2013-08-27_12,101252.1
2013-08-27_18,101158.08
2013-08-28_00,101210.086
2013-08-28_06,101189.26
2013-08-28_12,101235.305
2013-08-28_18,101172.17
2013-08-29_00,101327.17
2013-08-29_06,101203.88
2013-08-29_12,101261.48
2013-08-29_18,101176.08
2013-08-30_00,101211.94
2013-08-30_06,101125.39
2013-08-30_12,101197.46
2013-08-30_18,101117.21
2013-08-31_00,101185.67
2013-08-31_06,101140.8
2013-08-31_12,101192.234
2013-08-31_18,101172.12
2013-09-01_00,101252.69
2013-09-01_06,101208.94
2013-09-01_12,101357.23
2013-09-01_18,101291.73
2013-09-02_00,101421.7
2013-09-02_06,101452.02
2013-09-02_12,101609.836
2013-09-02_18,101667.58
2013-09-03_00,101848.02
2013-09-03_06,101854.59
2013-09-03_12,101998.53
2013-09-03_18,102006.445
2013-09-04_00,102158.3
2013-09-04_06,102109.375
2013-09-04_12,102196.05
2013-09-04_18,102150.02
2013-09-05_00,102188.48
2013-09-05_06,102050.93
2013-09-05_12,102104.93
2013-09-05_18,101951.91
2013-09-06_00,102029.71
2013-09-06_06,101883.33
2013-09-06_12,101968.82
2013-09-06_18,101864.94
2013-09-07_00,101884.2
2013-09-07_06,101757.664
2013-09-07_12,101858.13
2013-09-07_18,101741.336
2013-09-08_00,101783.33
2013-09-08_06,101660.23
2013-09-08_12,101790.36
2013-09-08_18,101807.03
2013-09-09_00,101896.945
2013-09-09_06,101805.664
2013-09-09_12,101851.586
2013-09-09_18,101746.7
2013-09-10_00,101838.45
2013-09-10_06,101748.76
2013-09-10_12,101776.54
2013-09-10_18,101656.445
2013-09-11_00,101684.86
2013-09-11_06,101670.016
2013-09-11_12,101814.43
2013-09-11_18,101869.7
2013-09-12_00,101988.43
2013-09-12_06,101968.45
2013-09-12_12,102080.71
2013-09-12_18,102058.86
2013-09-13_00,102186.45
2013-09-13_06,102015.33
2013-09-13_12,102063.625
2013-09-13_18,101990.305
2013-09-14_00,101970.46
2013-09-14_06,101876.266
2013-09-14_12,102002.22
2013-09-14_18,101916.73
2013-09-15_00,101945.36
2013-09-15_06,101857.42
2013-09-15_12,101906.64
2013-09-15_18,101922.68
2013-09-16_00,101918.6
2013-09-16_06,101741.945
2013-09-16_12,101840.21
2013-09-16_18,101769.09
2013-09-17_00,101877.586
2013-09-17_06,101843.31
2013-09-17_12,101968.21
2013-09-17_18,101885.984
2013-09-18_00,102058.94
2013-09-18_06,101970.97
2013-09-18_12,102007.01
2013-09-18_18,101883.89
2013-09-19_00,101888.28
2013-09-19_06,101694.016
2013-09-19_12,101509.86
2013-09-19_18,101147.17
2013-09-20_00,100932.57
2013-09-20_06,100777.91
2013-09-20_12,100960.03
2013-09-20_18,101127.76
2013-09-21_00,101309.2
2013-09-21_06,101248.875
2013-09-21_12,101329.27
2013-09-21_18,101307.445
2013-09-22_00,101461.35
2013-09-22_06,101320.875
2013-09-22_12,101441.336
2013-09-22_18,101289.26
2013-09-23_00,101304.27
2013-09-23_06,101095.38
2013-09-23_12,101219.07
2013-09-23_18,101441.555
2013-09-24_00,101795.66
2013-09-24_06,101957.55
2013-09-24_12,102254.27
2013-09-24_18,102343.36
2013-09-25_00,102541.53
2013-09-25_06,102483.35
2013-09-25_12,102595.66
2013-09-25_18,102476.86
2013-09-26_00,102550.734
2013-09-26_06,102303.47
2013-09-26_12,102234.74
2013-09-26_18,102041.99
2013-09-27_00,101941.99
2013-09-27_06,101874.61
2013-09-27_12,101928.22
2013-09-27_18,101973.586
2013-09-28_00,102065.016
2013-09-28_06,102035.55
2013-09-28_12,102066.97
2013-09-28_18,101871.414
2013-09-29_00,101865.67
2013-09-29_06,101727.3
2013-09-29_12,101741.086
2013-09-29_18,101648.76
2013-09-30_00,101681.1
2013-09-30_06,101537.18
2013-09-30_12,101611.87
2013-09-30_18,101590.53
2013-10-01_00,101620.12
2013-10-01_06,101698.37
2013-10-01_12,101876.1
2013-10-01_18,101936.13
2013-10-02_00,102107.57
2013-10-02_06,102096.555
2013-10-02_12,102231.88
2013-10-02_18,102184.2
2013-10-03_00,102278.125
2013-10-03_06,102242.73
2013-10-03_12,102368.266
2013-10-03_18,102408.47
2013-10-04_00,102557.57
2013-10-04_06,102600.66
2013-10-04_12,102775.484
2013-10-04_18,102762.65
2013-10-05_00,102832.4
2013-10-05_06,102645.51
2013-10-05_12,102647.39
2013-10-05_18,102470.61
2013-10-06_00,102348.805
2013-10-06_06,101970.97
2013-10-06_12,101773.51
2013-10-06_18,101438.72
2013-10-07_00,101320.07
2013-10-07_06,101222.56
2013-10-07_12,101586.2
2013-10-07_18,101811.086
2013-10-08_00,102180.49
2013-10-08_06,102292.43
2013-10-08_12,102547.14
2013-10-08_18,102566.48
2013-10-09_00,102641.38
2013-10-09_06,102615.8
2013-10-09_12,102619.31
2013-10-09_18,102607.516
2013-10-10_00,102611.94
2013-10-10_06,102432.516
2013-10-10_12,102274.24
2013-10-10_18,102129.64
2013-10-11_00,101977.86
2013-10-11_06,101898.484
2013-10-11_12,101912.016
2013-10-11_18,101939.75
2013-10-12_00,102009.5
2013-10-12_06,101923.37
2013-10-12_12,102019.05
2013-10-12_18,101890.92
2013-10-13_00,101977.22
2013-10-13_06,101855.42
2013-10-13_12,101867.65
2013-10-13_18,101827.47
2013-10-14_00,101764.16
2013-10-14_06,101641.53
2013-10-14_12,101770.58
2013-10-14_18,102035.81
2013-10-15_00,102547.78
2013-10-15_06,102711.26
2013-10-15_12,103029.17
2013-10-15_18,103143.19
2013-10-16_00,103216.97
2013-10-16_06,102930.375
2013-10-16_12,102918.164
2013-10-16_18,102684.766
2013-10-17_00,102700.875
2013-10-17_06,102447.61
2013-10-17_12,102464.99
2013-10-17_18,102320.016
2013-10-18_00,102413.016
2013-10-18_06,102250.3
2013-10-18_12,102306.445
2013-10-18_18,102288.28
2013-10-19_00,102428.64
2013-10-19_06,102492.164
2013-10-19_12,102576.44
2013-10-19_18,102595.41
2013-10-20_00,102732.62
2013-10-20_06,102691.73
2013-10-20_12,102854.0
2013-10-20_18,102907.74
2013-10-21_00,102901.98
2013-10-21_06,102756.47
2013-10-21_12,102705.3
2013-10-21_18,102348.17
2013-10-22_00,102048.68
2013-10-22_06,101606.57
2013-10-22_12,101317.43
2013-10-22_18,100893.9
2013-10-23_00,100689.65
2013-10-23_06,100795.8
2013-10-23_12,101173.414
2013-10-23_18,101548.02
2013-10-24_00,101751.125
2013-10-24_06,101760.67
2013-10-24_12,101762.625
2013-10-24_18,101642.28
2013-10-25_00,101669.05
2013-10-25_06,101648.875
2013-10-25_12,101772.31
2013-10-25_18,101745.75
2013-10-26_00,101887.06
2013-10-26_06,101791.87
2013-10-26_12,101701.734
2013-10-26_18,101340.58
2013-10-27_00,100483.72
2013-10-27_06,99548.05
2013-10-27_12,99930.95
2013-10-27_18,100414.305
2013-10-28_00,100893.92
2013-10-28_06,101068.31
2013-10-28_12,101200.3
2013-10-28_18,101363.43
2013-10-29_00,101738.58
2013-10-29_06,102047.73
2013-10-29_12,102448.51
2013-10-29_18,102633.13
2013-10-30_00,102917.19
2013-10-30_06,102949.02
2013-10-30_12,102975.78
2013-10-30_18,102728.81
2013-10-31_00,102327.0
2013-10-31_06,101585.35
2013-10-31_12,100942.19
2013-10-31_18,100872.56
2013-11-01_00,101278.17
2013-11-01_06,101378.3
2013-11-01_12,101400.32
2013-11-01_18,101272.31
2013-11-02_00,101270.14
2013-11-02_06,101474.93
2013-11-02_12,101802.664
2013-11-02_18,102030.03
2013-11-03_00,102320.7
2013-11-03_06,102293.51
2013-11-03_12,102469.7
2013-11-03_18,102500.22
2013-11-04_00,102609.375
2013-11-04_06,102326.93
2013-11-04_12,102337.96
2013-11-04_18,101846.63
2013-11-05_00,101305.01
2013-11-05_06,100531.62
2013-11-05_12,100707.4
2013-11-05_18,101256.49
2013-11-06_00,101768.266
2013-11-06_06,102179.984
2013-11-06_12,102649.24
2013-11-06_18,102880.86
2013-11-07_00,103183.59
2013-11-07_06,103275.266
2013-11-07_12,103264.21
2013-11-07_18,103149.805
2013-11-08_00,103038.58
2013-11-08_06,102797.61
2013-11-08_12,102647.63
2013-11-08_18,102422.29
2013-11-09_00,102329.39
2013-11-09_06,102282.64
2013-11-09_12,102415.77
2013-11-09_18,102537.33
2013-11-10_00,102929.47
2013-11-10_06,103016.21
2013-11-10_12,102977.91
2013-11-10_18,102737.84
2013-11-11_00,102825.91
2013-11-11_06,102655.32
2013-11-11_12,102620.53
2013-11-11_18,102432.35
2013-11-12_00,102376.39
2013-11-12_06,102234.74
2013-11-12_12,102092.21
2013-11-12_18,101898.17
2013-11-13_00,101937.89
2013-11-13_06,101931.47
2013-11-13_12,101890.38
2013-11-13_18,101787.016
2013-11-14_00,101857.516
2013-11-14_06,101822.39
2013-11-14_12,101790.92
2013-11-14_18,101562.305
2013-11-15_00,101640.06
2013-11-15_06,101710.28
2013-11-15_12,101783.18
2013-11-15_18,101751.66
2013-11-16_00,101945.164
2013-11-16_06,102021.51
2013-11-16_12,102130.34
2013-11-16_18,102123.46
2013-11-17_00,102327.49
2013-11-17_06,102198.61
2013-11-17_12,102181.375
2013-11-17_18,102041.58
2013-11-18_00,101933.055
2013-11-18_06,101707.94
2013-11-18_12,101627.37
2013-11-18_18,101506.375
2013-11-19_00,101596.12
2013-11-19_06,101640.97
2013-11-19_12,101786.94
2013-11-19_18,101645.63
2013-11-20_00,101583.2
2013-11-20_06,101239.695
2013-11-20_12,101116.555
2013-11-20_18,101188.04
2013-11-21_00,101418.016
2013-11-21_06,101460.48
2013-11-21_12,101437.914
2013-11-21_18,101193.625
2013-11-22_00,101044.875
2013-11-22_06,101135.695
2013-11-22_12,101382.64
2013-11-22_18,101603.54
2013-11-23_00,101689.8
2013-11-23_06,101455.15
2013-11-23_12,100932.86
2013-11-23_18,101070.36
2013-11-24_00,101619.75
2013-11-24_06,101937.55
2013-11-24_12,101940.26
2013-11-24_18,101818.04
2013-11-25_00,101577.27
2013-11-25_06,101097.66
2013-11-25_12,101244.945
2013-11-25_18,101371.61
2013-11-26_00,101484.836
2013-11-26_06,101538.58
2013-11-26_12,101711.42
2013-11-26_18,101723.29
2013-11-27_00,101833.375
2013-11-27_06,101776.266
2013-11-27_12,101874.805
2013-11-27_18,101795.66
2013-11-28_00,101865.016
2013-11-28_06,101826.95
2013-11-28_12,102058.5
2013-11-28_18,102023.195
2013-11-29_00,102168.53
2013-11-29_06,102018.66
2013-11-29_12,101987.695
2013-11-29_18,101622.805
2013-11-30_00,101350.15
2013-11-30_06,101278.03
2013-11-30_12,101271.09
2013-11-30_18,100984.11
2013-12-01_00,100817.21
2013-12-01_06,101059.33
2013-12-01_12,101411.305
2013-12-01_18,101493.555
2013-12-02_00,101716.31
2013-12-02_06,101614.11
2013-12-02_12,101559.86
2013-12-02_18,101171.266
2013-12-03_00,100873.95
2013-12-03_06,100939.695
2013-12-03_12,101121.85
2013-12-03_18,101350.91
2013-12-04_00,101564.55
2013-12-04_06,101730.15
2013-12-04_12,101960.96
2013-12-04_18,101923.61
2013-12-05_00,102065.945
2013-12-05_06,102012.48
2013-12-05_12,101989.48
2013-12-05_18,101651.69
2013-12-06_00,101353.22
2013-12-06_06,100355.25
2013-12-06_12,99583.5
2013-12-06_18,99940.38
2013-12-07_00,100357.49
2013-12-07_06,100723.34
2013-12-07_12,101150.95
2013-12-07_18,101390.33
2013-12-08_00,101445.85
2013-12-08_06,101289.89
2013-12-08_12,101229.37
2013-12-08_18,101195.9
2013-12-09_00,101332.88
2013-12-09_06,101325.66
2013-12-09_12,101430.88
2013-12-09_18,101553.586
2013-12-10_00,101848.37
2013-12-10_06,101909.59
2013-12-10_12,102138.21
2013-12-10_18,102149.63
2013-12-11_00,102263.766
2013-12-11_06,102297.39
2013-12-11_12,102324.83
2013-12-11_18,102240.38
2013-12-12_00,102182.69
2013-12-12_06,101870.164
2013-12-12_12,101563.13
2013-12-12_18,101000.83
2013-12-13_00,100699.46
2013-12-13_06,101038.67
2013-12-13_12,101506.1
2013-12-13_18,101694.07
2013-12-14_00,101928.15
2013-12-14_06,101558.984
2013-12-14_12,101150.39
2013-12-14_18,100455.125
2013-12-15_00,100338.13
2013-12-15_06,100195.83
2013-12-15_12,99809.62
2013-12-15_18,99266.555
2013-12-16_00,99179.93
2013-12-16_06,98736.35
2013-12-16_12,98308.914
2013-12-16_18,98136.81
2013-12-17_00,97913.5
2013-12-17_06,97513.41
2013-12-17_12,97284.13
2013-12-17_18,97033.27
2013-12-18_00,97032.766
2013-12-18_06,97145.875
2013-12-18_12,97667.31
2013-12-18_18,98807.664
2013-12-19_00,99614.82
2013-12-19_06,99973.29
2013-12-19_12,100434.33
2013-12-19_18,100732.055
2013-12-20_00,101039.75
2013-12-20_06,101159.08
2013-12-20_12,101163.52
2013-12-20_18,100771.484
2013-12-21_00,100170.875
2013-12-21_06,99827.98
2013-12-21_12,99659.984
2013-12-21_18,99464.94
2013-12-22_00,99421.12
2013-12-22_06,99336.81
2013-12-22_12,99489.16
2013-12-22_18,99702.78
2013-12-23_00,100133.914
2013-12-23_06,100128.125
2013-12-23_12,100221.44
2013-12-23_18,100423.875
2013-12-24_00,100834.445
2013-12-24_06,101117.31
2013-12-24_12,101258.62
2013-12-24_18,101230.62
2013-12-25_00,100921.36
2013-12-25_06,99978.664
2013-12-25_12,99715.04
2013-12-25_18,99560.89
2013-12-26_00,100685.375
2013-12-26_06,101208.33
2013-12-26_12,101513.086
2013-12-26_18,101656.25
2013-12-27_00,101866.84
2013-12-27_06,102030.055
2013-12-27_12,102228.34
2013-12-27_18,101999.78
2013-12-28_00,101834.28
2013-12-28_06,101112.984
2013-12-28_12,100622.266
2013-12-28_18,100478.81
2013-12-29_00,100857.03
2013-12-29_06,100798.195
2013-12-29_12,100853.03
2013-12-29_18,100742.164
2013-12-30_00,100885.11
2013-12-30_06,101145.61
2013-12-30_12,101481.055
2013-12-30_18,101494.234
2013-12-31_00,101601.54
2013-12-31_06,101398.37
2013-12-31_12,101116.336
2013-12-31_18,100539.36
